Name,Year_Built,Average_Rent_sf,lon,lat,GrvDemandWeight,GrvDemandWeight_10k
1200 LAKESHORE,1966,2.93,-122.258249,37.798679,228139,22.813907
15FIFTY5,1989,3.13,-122.0662942,37.9107588,104478,10.447841
200 DAVEY GLEN,1975,2.17,-122.285529,37.526152, , 
55 WEST 5TH APARTMENTS,1972,2.55,-122.326905,37.5599488, , 
55 WEST FIFTH APARTMENTS,1960,2.6,-122.325941,37.560681, , 
70 HARLAN,1974,2.18,-122.1500454,37.7194901,111513,11.151348
707 LEAHY,1973,3.58,-122.215235,37.470216, , 
88 HILLSIDE APARTMENTS,2008,2.48,-122.4622759,37.7039232, , 
888 SAN MATEO LUXURY APARTMENTS,2013,3.34,-122.338327,37.57697, , 
ACAPPELLA CROSSING,2009,3.45,-122.4225019,37.6327906, , 
ADRIENNE VILLAGE,1984,2.16,-122.072023,37.589906,83140,8.314032
ALAMEDA PARK,1963,2.17,-122.2799346,37.7781031,178392,17.83922
ALBORADA,1999,2.39,-121.9653865,37.5581684,67360,6.736007
ALDERWOOD,1972,1.89,-122.1147215,37.6967936,100398,10.039827
ALDERWOOD PARK,1986,2.39,-122.035265,37.529101,62044,6.204433
ALICE LAKE,1964,2.42,-122.265357,37.804842,253387,25.338715
ALLEGRO AT JACK LONDON SQUARE,2001,2.67,-122.2700637,37.7946894,220899,22.0899
ALOHA,1965,1.72,-122.0895513,37.6516899,103253,10.325349
ALPINE,1967,2.44,-122.098275,37.687341,100289,10.028897
ALPINE PARK,1992,2.57,-122.0642839,37.8934339,93524,9.352441
ALTERRA,1959,2.55,-122.066275,37.896361,96185,9.618488
AMADOR APARTMENTS,1965,2.08,-122.090313,37.654893,103560,10.356017
AMADOR LAKES,1985,2.33,-121.9237652,37.7265744,69145,6.914531
AMADOR VALLEY,1968,1.78,-121.9316485,37.7089414,74870,7.486978
AMADOR VILLAGE COURT,2000,2.03,-122.0942448,37.6610519,101018,10.10179
AMBER COURT,1985,2.47,-122.0435143,37.5768505,82015,8.201533
AMBERWOOD GARDEN,1988,1.75,-122.080188,37.645219,94855,9.485489
AMERICANA,1966,1.6,-121.9781428,37.5361824,77363,7.736302
ANCHOR SQUARE TOWN HOUSE APARTMENTS,1968,1.27,-121.9620855,38.0340371,28156,2.815645
AQUA VIA,2006,2.8,-122.269164,37.793334,217361,21.736107
ARBOL VERDE,1965,2.21,-121.7489581,37.680469,36874,3.68743
ARBOR RIDGE IN BRENTWOOD,2006,1.33,-121.736925,37.957968,18821,1.882096
ARBORDALE GARDENS,1968,1.82,-121.9595197,37.5242594,82595,8.25949
ARBORS,1985,2.1,-121.7544043,37.6769234,36205,3.620464
ARBORS,1964,2.29,-122.055748,37.899687,96273,9.627348
ARCADIAN APARTMENTS,1987,1.84,-121.9627733,37.9531527,58560,5.856025
ARCHSTONE EMERALD PARK,1998,2.37,-121.8858164,37.7078219,69596,6.959613
ARCHSTONE EMERYVILLE,1994,2.86,-122.2942615,37.8441187,251407,25.140704
ARCHSTONE FREMONT CENTER,2001,2.52,-121.975541,37.554184,75862,7.586241
ARCHSTONE HACIENDA,1999,2.44,-121.88544,37.694712,72602,7.260214
ARCHSTONE SAN BRUNO,2004,3.2,-122.4244,37.6317, , 
ARCHSTONE SAN MATEO,2003,3.59,-122.291522,37.545409, , 
ARCHSTONE SOUTH SAN FRANCISCO,2006,2.92,-122.447299,37.66062, , 
ARCHSTONE WALNUT CREEK,1987,2.32,-122.052031,37.926952,106428,10.642807
ARDENWOOD FOREST,1984,2.59,-122.0555093,37.5660261,69940,6.993956
ASHLAND GARDENS,1985,1.78,-122.118975,37.695148,102519,10.251898
ATHERTON,1956,3.36,-122.1835045,37.483849, , 
ATLANTIC,1966,1.64,-122.285187,37.778936,176884,17.688367
AUSTIN COMMONS,1987,1.48,-122.085751,37.651858,99236,9.923556
AUTUMN SPRINGS,1987,2.31,-121.78103,37.697002,43586,4.358598
AVALON AT SAN BRUNO,2010,2.69,-122.4229026,37.633324, , 
AVALON FREMONT,1992,2.36,-121.9717208,37.5439301,74272,7.427228
AVALON UNION CITY,2009,2.23,-122.016821,37.588461,75379,7.537919
AVALON WALNUT CREEK,2009,2.74,-122.0552906,37.9276068,108558,10.855845
AVALON WALNUT RIDGE I,1988,2.38,-122.052172,37.929736,106704,10.670361
AVALON WALNUT RIDGE II,2001,2.41,-122.051703,37.9306113,106089,10.608879
AVENUE 64,2007,3.26,-122.295749,37.843137,257076,25.70764
AVENUE TWO,1969,2.76,-122.200148,37.485702, , 
BALLENA VILLAGE,1972,2.9,-122.2864341,37.770842,157635,15.763546
BART PLAZA,1974,1.83,-122.07711,37.693869,84333,8.433256
BAY STREET APARTMENTS BY WINDSOR,2006,3.22,-122.2922374,37.8361738,264448,26.444817
BAY TERRACE,1962,3.16,-122.2832198,37.5423749, , 
BAYCLIFF MANOR,1976,1.5,-122.3417743,37.973298,46102,4.610213
BAYFAIR APARTMENTS,1976,1.86,-122.119035,37.697087,102975,10.297546
BAYSIDE,1974,1.79,-122.305438,38.008498,26509,2.650853
BAYVIEW,1971,2.08,-122.328138,37.5831469, , 
BAYWOOD APARTMENTS,1978,1.73,-122.0375825,37.6175517,76654,7.665391
BEACH COVE,1970,3.37,-122.2599963,37.5523675, , 
BEACHCOMBER,1972,2.57,-122.249373,37.561865, , 
BEDFORD PLAZA APARTMENTS,1964,1.57,-122.1154939,37.6657849,107548,10.754849
BEL AIR,1986,2.02,-121.9903431,37.9632294,77738,7.773821
BEL AIR FAIRWAY APARTMENT HOMES/VILLAS,1989,2.83,-121.9388757,37.7823926,48707,4.87071
BELBROOK / HIDEAWAY,1973,2.1,-122.149207,37.718532,110940,11.09401
BELLA ROSE,2006,1.47,-121.747621,37.962009,20529,2.052871
BELLA VISTA AT HILLTOP,1987,1.73,-122.3226776,37.9884201,34303,3.430303
BELMARK APARTMENTS,1970,1.96,-122.1557499,37.720954,115246,11.524581
BELMONT APARTMENTS,1985,1.25,-121.903112,38.020817,23303,2.330316
BELMONT TERRACE,1972,2.55,-122.3020372,37.5100587, , 
BENTLY PLACE APARTMENTS,1989,2.13,-122.078488,37.67705,97193,9.719257
BERKELEY CENTRAL,2012,3.98,-122.269287,37.870417,202654,20.265422
BERKELEY INN (THE),2001,4.95,-122.267426,37.869369,204351,20.435065
BERKELEY INN (THE),2003,4.46,-122.285166,37.869841,196363,19.636278
BOLLINGER CREST APARTMENTS,2001,2.09,-121.9481,37.7582,61776,6.177576
BOULDERS (THE),1972,2.98,-122.0593002,37.9160462,106211,10.621089
BOULEVARD APARTMENTS,1978,2.67,-121.9728933,37.5393348,77205,7.720501
BOULEVARD APARTMENTS,1979,2.07,-122.061323,37.941952,108436,10.843591
BRIARWOOD,1978,1.92,-122.0660634,37.9712537,106892,10.689237
BRIARWOOD,1961,1.58,-121.7545351,37.6796953,38255,3.825523
BRIARWOOD AT CENTRAL PARK,1979,3.11,-121.9660569,37.5339206,80329,8.032936
BRIDGE (THE),1985,2.35,-122.1128424,37.6354275,91526,9.152552
BRIDGE COURT,1998,2.35,-122.2806993,37.8307908,290986,29.098618
BRIDGEBAY,1981,2.62,-122.0539963,37.5414699,61065,6.106474
BRIDGEPOINTE,1998,2.98,-122.2837482,37.5630216, , 
BRIDGEPORT APARTMENTS,1987,2.5,-122.0351422,37.5336592,64935,6.493495
BRIDGES,1988,2.74,-121.9505253,37.7618018,62168,6.216789
BROADWAY,1961,1.75,-122.2220679,37.4865819, , 
BROADWAY TOWERS,1986,1.57,-122.041143,37.976726,103622,10.362223
BROOKSIDE,1985,2.52,-122.0753553,37.9767775,101340,10.134047
BROOKVALE CHATEAU,1978,2.19,-122.019501,37.564289,80884,8.088416
BURLINGAME TOWERS,1962,2.7,-122.352149,37.57745, , 
CALIFORNIAN APARTMENTS,1962,1.79,-122.2590186,37.7591205,148527,14.852705
CAMDEN VILLAGE,1964,2.08,-122.008835,37.551288,76039,7.603864
CAMDEN VILLAGE,1969,2.13,-121.994956,37.558867,76122,7.612217
CAMELBACK EAST,1968,1.87,-122.033812,37.920149,96388,9.638822
CAMELBACK NORTH TOWNHOUSES,1975,1.02,-122.0728982,37.9754941,102906,10.290623
CAMELBACK SOUTH,1970,1.95,-122.0475555,37.8810558,77490,7.749001
CANYON CREEK,1985,2.24,-121.9766863,37.7709526,57480,5.748047
CANYON OAKS AT WINDEMERE,2005,2.14,-121.906429,37.765482,52025,5.202466
CANYON WOODS,1987,2.57,-121.949628,37.765372,59406,5.94058
CARLMONT HEIGHTS,1974,2.42,-122.296453,37.5083259, , 
CARLMONT WOODS,1971,3.72,-122.3006598,37.5075864, , 
CARMEL CREEKWOOD,1980,2.18,-122.0827118,37.6800711,97303,9.730292
CARMEL HOUSE,1962,2.72,-122.057162,37.902558,97787,9.77869
CARRIAGE HOUSE,1973,2.24,-121.9903828,37.5503315,79206,7.920649
CARRINGTON APARTMENTS,1972,2.39,-121.9978799,37.53715,78661,7.86611
CASA ARROYO,1972,2.31,-121.9946886,37.578018,64291,6.429109
CASTLEWOOD,1973,2.18,-122.0569683,37.9017887,97644,9.764443
CATALINA CREST,1964,2.06,-121.7828126,37.6630779,35786,3.57861
CEDAR GROVE,1958,1.96,-122.169427,37.72235,112159,11.215923
CEDARS/CEDARS NORTH (THE),1980,1.59,-122.062073,37.687059,83577,8.357713
CHARDONNAY GARDENS,1989,2.24,-121.7569649,37.6746015,37456,3.745566
CHATEAU MANOR,1964,1.58,-122.1401344,37.6859087,106614,10.661447
CHESAPEAKE POINTE,1964,3.09,-122.2853913,37.5518103, , 
CHRISTINA,1963,2.04,-122.317663,37.555856, , 
CITY CENTER APARTMENTS,1999,2.43,-122.086764,37.6678221,102286,10.228605
CITY SOUTH,1970,3.57,-122.282998,37.544663, , 
CITY WALK APARTMENTS,1959,1.73,-122.0414277,37.9713247,105063,10.506348
CITYVIEW,1976,2.16,-122.0653214,37.6606707,88372,8.837175
CIVIC PLAZA,1988,1.98,-122.311445,37.917215,118731,11.873084
CIVIC SQUARE,1987,2.43,-121.8803184,37.6559086,53352,5.335186
CLAYTON CREEK,1986,1.87,-121.961426,37.955176,57248,5.724761
CLUB VIEW,1965,2.6,-122.4355256,37.6529105, , 
COLONIAL GARDENS,1962,2.59,-122.3250987,37.5790153, , 
CONNOLLY STATION,2013,2.74,-121.9261331,37.7033485,75494,7.549354
CORNERSTONE,2001,1.58,-121.888331,38.008739,23254,2.325364
CORONADO / PARKWAY,1965,2.42,-121.9880683,37.5497636,79254,7.925361
COTTON WOOD,1988,2.4,-121.9132395,37.7208843,71083,7.108349
COUNTRY BROOK,1986,2.47,-121.9425481,37.7587874,63588,6.358832
COUNTRY CLUB,1971,1.79,-122.0123092,37.5534866,75579,7.557893
COUNTRY CLUB,1967,2.11,-122.4278525,37.6438614, , 
COUNTRY CLUB APARTMENTS,1970,4.84,-122.3234208,37.580134, , 
COUNTRYWOOD APARTMENT HOMES,1972,2.49,-122.0169724,37.554435,75998,7.599756
COURTYARD,1964,1.77,-122.0818585,37.6641377,101260,10.125958
COURTYARD PLAZA,1970,1.36,-122.042696,37.955174,103704,10.370407
COURTYARDS AT 65TH STREET,2004,2.92,-122.292528,37.84646,245927,24.592701
COWELL TERRACE,1988,1.65,-122.003887,37.955331,85073,8.507317
CREEKSIDE,1968,1.86,-122.152354,37.727776,110799,11.079862
CREEKSIDE APARTMENT HOMES,1985,3.32,-122.3098149,37.5737794, , 
CREEKSIDE GLEN,1964,1.81,-122.051949,37.883935,81822,8.182202
CREEKSIDE TERRACE,1962,2.01,-122.049971,37.883426,82655,8.265503
CREEKSIDE TERRACE,1964,1.69,-122.0622735,37.689158,83878,8.387808
CREEKSIDE VILLAGE,1987,2.78,-122.002565,37.5652022,74246,7.424591
CREEKVIEW,1991,1.56,-122.3191315,37.9657428,50823,5.082308
CRESTVIEW,1965,2.51,-122.2845989,37.5287758, , 
CRESTVIEW PINES,1978,1.55,-121.827779,38.011243,25453,2.545272
CRESTVIEW TERRACE,1970,1.92,-122.0552211,37.6394016,87790,8.779044
CROSS POINTE,2003,1.78,-121.7547,37.9651,20918,2.091816
CROSSING AT ARROYO TRAIL (THE),1983,2.24,-121.7885267,37.6791336,45720,4.572003
CROSSROADS,1986,2.32,-121.9594093,37.9516023,56135,5.613496
CROSSROADS VILLAGE,1985,2.03,-121.983719,37.542521,78334,7.833395
CROWN COLONY,1974,2.41,-122.4636377,37.6651828, , 
CRYSTAL SPRINGS TERRACE,1971,2.5,-122.4269285,37.6068226, , 
CYPRESS CREEK,1962,2.09,-122.0539403,37.9081965,100213,10.021343
CYPRESS HOUSE,1964,1.87,-122.088591,37.651707,102341,10.234074
DANVILLE PARK,1963,2.32,-121.9977446,37.8243088,46846,4.684565
DE SABLA,1955,2.63,-122.328901,37.565717, , 
DEL CORONADO,1965,1.92,-122.280764,37.7710791,168409,16.840897
DEL NORTE PLACE,1994,3.02,-122.3190079,37.9267876,103419,10.34185
DEL PRADO,1972,2.5,-121.8859695,37.6680013,61178,6.117769
DELTA PINES,1975,1.18,-121.831948,38.004664,26229,2.622891
DELTA VIEW APARTMENTS,1960,1.65,-121.846793,38.0014589,25732,2.573222
DIABLO OAKS,1979,1.87,-122.054273,37.934402,105783,10.578327
DIABLO POINT,1962,1.94,-122.0524014,37.886509,85121,8.512056
DIABLO VIEW,1984,2.12,-121.9934853,37.9659318,78711,7.871063
DIABLO VILLA,1968,1.72,-122.049495,37.881562,81035,8.103518
DIABLO VISTA,1984,2.17,-121.748852,37.709145,28836,2.883621
DIXON TOWNHOUSE,1964,1.55,-122.049656,37.629671,86963,8.696347
DOMAIN BY ALTA APARTMENTS,2011,3.27,-122.2752646,37.8051765,258113,25.811265
DRIFTWOOD LAGOON APARTMENTS,1990,1.69,-122.253563,37.760721,153934,15.393384
DRY CREEK,1965,2.02,-122.020104,37.606565,77180,7.717978
DUNES,1966,2.32,-122.2488127,37.7542615,143539,14.35392
DURHAM GREEN,1985,2.3,-121.964899,37.5106727,83482,8.34823
EAVES DALY CITY,1974,2.93,-122.4543487,37.6546108, , 
EAVES DUBLIN,1989,2.54,-121.911734,37.729027,68665,6.866489
EAVES FOSTER CITY,1973,3.13,-122.2536199,37.5537044, , 
EAVES FREMONT,1985,3.08,-121.9267409,37.4933847,84589,8.458909
EAVES PACIFICA,1973,2.52,-122.4791068,37.6609627, , 
EAVES PLEASANTON,1988,2.55,-121.8799196,37.6957762,69965,6.996478
EAVES UNION CITY,1973,2.62,-122.0222846,37.5857846,79119,7.911922
ECLIPSE AT DUBLIN STATION,2008,2.63,-121.897239,37.705455,72394,7.239372
EDEN ROCK,1962,1.46,-122.140344,37.698893,105568,10.556756
EDGEVIEW TERRACE,1972,2.25,-122.4763161,37.6930259, , 
ELLINWOOD APARTMENTS,1984,1.88,-122.057393,37.957156,107533,10.753262
EMERALD PARK LUXURY APARTMENT,1999,2.44,-121.8865728,37.7100012,67083,6.708327
ESTATES AT PARK PLACE,1999,2.68,-121.971132,37.546267,78128,7.812803
EVERGREEN RIDGE,1973,2.37,-122.4639812,37.6364411, , 
FAIRMONT,1968,2.46,-122.4776232,37.6581168, , 
FAIRMONT MANOR APARTMENTS,1956,1.42,-122.1097554,37.6968008,96768,9.676849
FAIRWAY VILLAGE,1969,2.21,-121.9284368,37.7305897,69711,6.97106
FERNMAR NORTH,1968,1.47,-122.4382748,37.6613818, , 
FINE ARTS BUILDING (THE),2004,5.55,-122.267075,37.86484,207976,20.79764
FLETCHER TOWERS,1963,1.6,-122.080567,37.664903,98648,9.864773
FLORA APARTMENTS,1972,2.28,-122.0755825,37.8912482,86936,8.693639
FONTANA,1964,0.94,-121.820378,38.000772,26636,2.663571
FOOTHILL - TWIN CREEKS CONDOS,1985,2.08,-121.9669836,37.7576082,63439,6.343888
FOSTERS LANDING,1987,3.02,-122.2638614,37.5559722, , 
FOUR SEASONS,1986,2.27,-122.050965,37.8831946,81843,8.184267
FOURTH & U APARTMENTS,2010,3.27,-122.3004513,37.8666066,189300,18.929995
FRANCISCAN,1964,2.46,-122.2614599,37.5581803, , 
FRANKLIN STREET APARTMENTS,2002,3.08,-122.190141,37.457022, , 
FREMONT GLEN,1971,2.34,-121.9761202,37.5671417,70683,7.068275
FREMONT PINES,1964,2.25,-122.003412,37.555306,79889,7.988859
GARDEN COURT,1961,1.85,-122.280399,37.7773532,180567,18.056696
GARDEN OAKS,1960,2.67,-122.1635208,37.4627671, , 
GARDEN PARK,1962,1.79,-122.076163,37.693972,83076,8.307554
GARDEN VILLAGE,1973,1.93,-122.0239146,37.5507883,75222,7.522162
GATE,1978,1.85,-122.0594868,37.959449,107753,10.775335
GATEWAY,1987,1.69,-122.1660081,37.7233174,112703,11.270294
GATEWOOD,1985,2.3,-121.87223,37.689454,63998,6.399802
GLEN OAKS,1971,2.2,-122.0964702,37.629073,100012,10.001167
GLENMOOR GREEN,1971,1.84,-122.0021174,37.534459,78073,7.807324
GRAND APARTMENTS (THE),2009,3.89,-122.26524,37.811465,265809,26.580938
GRAND LAKE TERRACE,1969,1.9,-122.2508564,37.8112581,229297,22.929718
GREENHAVEN,1983,2.42,-122.071666,37.5927549,81252,8.125227
GREENTREE TERRACE CONDOS,1990,1.76,-122.0081246,37.9695927,84362,8.436217
HACIENDA COMMONS,1988,2.25,-121.8839536,37.692514,72043,7.204347
HAMLET (THE),1980,2.33,-122.1219452,37.6992838,102539,10.253885
HARBOR COVE,1971,3.23,-122.2761986,37.5541422, , 
HASTINGS TERRACE,1972,2.14,-121.9868124,37.5551259,76704,7.670388
HERITAGE BLOSSOM,1960,1.73,-122.0995815,37.6792456,100872,10.087151
HERITAGE VILLAGE,1987,2.69,-121.998205,37.555559,77135,7.71353
HIDDEN COVE,1987,1.46,-121.94318,38.024184,28155,2.81549
HIDDEN CREEK,1985,1.94,-122.0952938,37.9929001,75816,7.581609
HIDDEN GLEN,1965,2.2,-121.7831662,37.6626422,35649,3.564946
HILLCREST,1990,1.71,-122.0459558,37.6559711,68197,6.819671
HILLCREST VIEW APARTMENTS,2002,1.67,-121.768634,37.981355,21124,2.112423
HILLSBOROUGH PLAZA,1967,2.93,-122.325519,37.5667035, , 
HILLSDALE GARDENS,1950,3.13,-122.299064,37.5340054, , 
HILLSDALE SQUARE,1963,2.32,-122.303965,37.541797, , 
HILLSIDE COURTYARD APARTMENTS,1972,3,-122.4640671,37.6863345, , 
HILLSIDE GARDEN APARTMENT HOMES,1965,2.23,-122.3372456,37.5189533, , 
HILLSIDE VILLAGE,2008,4.52,-122.268612,37.874902,197728,19.77284
HILLTOP COMMONS,1987,1.6,-122.3291667,37.9930685,34159,3.415913
HILLTOP WILLOW BRANCH,1980,1.46,-122.3455263,37.9621457,56542,5.654198
HORIZONS WEST,1970,2.78,-122.4878431,37.6340944, , 
HUNTWOOD TERRACE,1986,1.88,-122.05965,37.626025,86042,8.604192
ICON AT PARK,2007,2.29,-122.2871285,37.830822,267727,26.772693
INDIAN CREEK,1990,3.18,-122.249472,37.5393199, , 
IRON HORSE,1973,2.6,-122.055463,37.9335257,107166,10.71662
IRONHORSE TRAIL,2002,2.48,-121.910126,37.70883,75367,7.536672
IRONWOOD,1971,2.18,-121.7264499,37.6813632,32168,3.216783
IVY HILL APARTMENTS,2002,3.58,-122.063484,37.893836,94386,9.43862
JACKSON ARMS,1964,1.72,-122.092876,37.6562442,103992,10.399167
JACKSON LAKE,1960,2.29,-122.2645319,37.8035762,246153,24.615344
KELLY GREEN,1979,1.82,-122.0587386,37.6841515,77923,7.792316
KENSINGTON APARTMENTS,2003,2.76,-121.8945,37.6564,53251,5.325067
KENTWOOD,1956,1.65,-122.1106244,37.6970333,97334,9.733366
KINGSTON PLACE,1961,1.75,-122.0620694,37.9295555,109144,10.914367
KIRKER CREEK,1988,1.78,-121.8952314,37.9935359,22545,2.254548
KONA,1972,1.6,-122.337017,37.962289,57060,5.705997
LA SALLE MANOR,1976,1.57,-122.1277937,38.0040762,57420,5.741962
LA TERRAZZA,2005,2.73,-122.463672,37.682763, , 
LA VINA APARTMENTS,1994,2.4,-121.7384823,37.6811811,34052,3.40522
LAFAYETTE HIGHLANDS,1973,2.4,-122.100685,37.895121,73082,7.308241
LAKE PARK APARTMENTS,1965,1.86,-122.263124,37.803737,245014,24.501443
LAKE SHORE,1968,1.64,-122.036914,37.970103,100401,10.04008
LAKE VIEW TOWERS,1964,2.96,-122.257438,37.796766,226137,22.613706
LAKES,1968,1.38,-122.0354024,37.970139,99534,9.953397
LAKESHORE,1989,1.37,-121.79499,38.011418,23527,2.352685
LAKESHORE LANDING,1985,3.59,-122.285836,37.548528, , 
LAKESIDE,1962,1.32,-122.0332941,37.9688965,100222,10.022201
LAKESIDE VILLAGE,1970,1.47,-122.134658,37.69164,105135,10.513519
LAKEVIEW,1969,2.28,-121.9914359,37.5450138,77737,7.773707
LAKEVIEW GARDEN,1966,2.02,-122.3300007,37.5823918, , 
LAMPLIGHTER,1964,1.87,-122.388025,37.5926037, , 
LANAI GARDEN,1970,1.34,-122.1004357,37.6796891,101093,10.10932
LANDING AT JACK LONDON SQUARE (THE),2000,2.9,-122.2715111,37.7925834,215727,21.572745
LANDS END,1972,3.66,-122.4927333,37.6551011, , 
LANTERN COVE,1985,3.01,-122.2731327,37.5349295, , 
LAS VENTANAS,1973,2.17,-121.863012,37.663122,53398,5.339837
LEANDRO GREENS,1971,1.37,-122.1101724,37.6978489,96422,9.642208
LEISURE TERRACE,1970,1.71,-122.068564,37.675268,88273,8.827292
LIBRARY GARDENS,2007,3.86,-122.270164,37.868211,204007,20.400712
LIME RIDGE,1983,1.75,-122.0258523,37.9620369,93646,9.364583
LINCOLN ARMS,1960,1.3,-122.0198621,37.9734379,91532,9.153238
LINCOLN GLEN,1974,2.01,-121.9759773,37.5388057,78047,7.804684
LIVERMORE GARDENS,1976,1.73,-121.722517,37.68001,31950,3.194974
LORENZO COMMONS,1970,2.37,-122.125109,37.676222,108704,10.870403
LOS PRADOS,1985,1.63,-121.8642269,38.0081754,25380,2.53798
LOTUS,1964,1.54,-122.1304339,37.9947742,62065,6.206532
LUND GARDEN,1986,1.66,-122.0802726,37.6497784,93669,9.366909
MADISON BELMONT,1969,2.63,-122.2787349,37.5242311, , 
MADISON PLACE APARTMENTS,1964,2.67,-122.29098,37.543099, , 
MAJESTIC APARTMENTS,1961,1.74,-122.068035,37.654868,92251,9.225063
MARBAYA APARTMENT HOMES,1969,2.87,-122.0221994,37.5662623,80863,8.086264
MARINA BREEZE,1963,1.91,-122.176415,37.697875,95496,9.549553
MARINA CREEK,1964,1.16,-121.823784,38.013183,25277,2.527749
MARINA HEIGHTS,1972,1.3,-121.8852062,38.0365248,18894,1.889412
MARINE VIEW,1965,2.07,-122.2797406,37.7706738,170751,17.075065
MARLIN COVE,2002,3.09,-122.257377,37.554555, , 
MARTINEZ HILLSIDE APARTMENTS,1984,1.54,-122.134646,38.001117,54358,5.435819
MARYMOUNT APARTMENTS,1969,2.04,-122.219467,37.487872, , 
MARYMOUNT TOWER,1968,3.03,-122.2203713,37.4880717, , 
MAYFAIR,1929,2.07,-122.255131,37.810384,234518,23.451828
MCLELLAN ESTATES,1972,2.52,-122.277262,37.523957, , 
MEADOWS,1976,2.2,-122.053799,37.540488,58499,5.849894
MEADOWWOOD,1973,1.52,-122.040947,37.999374,88144,8.814366
MEDALLION,1976,2.22,-122.053011,37.605255,82628,8.262769
MEEKLAND MANOR,1964,1.89,-122.116972,37.685445,105794,10.579375
MERIDIAN (THE),1972,2.54,-122.0759096,37.8926992,88579,8.857921
MERRITT ON 3RD AVENUE,1975,2.87,-122.256956,37.796052,222961,22.296129
METRO 655,1987,1.91,-122.0555018,37.6360912,89501,8.950147
METRO PARK,1958,2.21,-122.1422065,37.7165623,108195,10.819518
METROPOLITAN APARTMENTS,2003,3.78,-122.318054,37.567977, , 
MILL CREEK AT WINDEMERE,2005,2.14,-121.908763,37.756745,53829,5.382911
MILL SPRINGS PARK,1989,2.5,-121.774484,37.681251,42863,4.286269
MIRA VISTA HILLS,1986,1.76,-121.8343928,38.0014567,26366,2.636554
MIRAMAR,2002,3.12,-122.265848,37.568583, , 
MISSION BAY APARTMENT,1987,1.31,-121.958447,38.028382,31852,3.185159
MISSION BAY CONDOMINIUM HOMES,1988,1.76,-122.0528758,37.6340871,87845,8.784518
MISSION HEIGHTS,1968,1.85,-122.0541105,37.6376578,89587,8.958714
MISSION PEAKS,1995,2.41,-121.9674267,37.5550305,71405,7.140456
MISSION PEAKS II,1989,2.39,-121.9648631,37.5567167,65638,6.563805
MISSION PINES,1984,2,-122.1217484,37.996844,64984,6.498386
MISSION SIERRA,1986,2.41,-122.0017499,37.5904372,66201,6.620097
MONTAIR,1948,1.51,-122.109726,37.695897,97232,9.723249
MONTE DIABLO,1963,2.26,-122.319371,37.577025, , 
MONTOYA GARDEN,1964,1.69,-122.3301608,37.9499161,70016,7.001619
MOUNTAIN VIEW,1964,1.87,-122.050021,37.947759,107070,10.706994
MUIR CREEK,1984,1.84,-122.098834,37.994378,74200,7.419994
MUIR PARK CONDOS,1986,1.79,-122.0986561,37.9930956,76806,7.680646
MUIRLANDS AT WINDEMERE,2005,1.22,-121.9052025,37.7608383,54219,5.421851
MUIRWOOD,1984,1.96,-122.1191344,37.9932331,67423,6.742297
NEW BRIGHTON PLACE,1963,2.07,-122.2949574,37.8975006,152261,15.226126
NEW CALIFORNIAN APARTMENTS,2010,3.81,-122.273502,37.872261,198651,19.865084
NEWELL VISTA,1964,2.04,-122.0541062,37.8949914,92735,9.273458
NILE STATION APARTMENTS,1959,2.06,-121.968047,37.573523,68359,6.835944
NORTHGATE PLAZA,1971,1.94,-122.0384951,37.5742912,82225,8.222517
NORTHGATE SAVOY,1975,1.88,-122.038573,37.576137,78483,7.84831
NORTHPARK,1972,3.59,-122.3604663,37.5873104, , 
NORTHRIDGE CONDOS,1974,1.98,-122.069262,37.973323,105200,10.52002
OAK HILL,1972,1.89,-122.0368314,37.6314009,74207,7.4207
OAK HILLS,1988,1.69,-121.9443137,38.0146745,30760,3.075963
OAK POINTE,1971,2.22,-121.9608643,37.5306626,80262,8.026157
OAK VIEW,1974,2.89,-122.3272024,37.5346637, , 
OAK WALK APARTMENTS,2009,3.35,-122.279277,37.831832,284383,28.438268
OAKWOOD VILLAGE,1978,1.19,-121.829935,38.0041889,26094,2.609438
OLIVERA VILLA,1972,1.48,-122.0335412,37.9945747,83890,8.389042
ONE THREE FOUR ELM,1969,2.43,-122.330467,37.567863, , 
ONSTAD MANOR,1971,1.95,-122.152628,37.7201189,113663,11.366267
ORANGE TREE,1962,1.58,-122.071807,37.637289,90044,9.004352
ORCHARD,1964,1.78,-122.074843,37.659421,97126,9.712608
OXFORD MANOR,1960,3.18,-122.2730672,37.5283516, , 
PACIFIC BAY VISTAS,2013,3.36,-122.4642432,37.6383961, , 
PACIFIC PLACE APARTMENT HOMES,2010,2.98,-122.4160097,37.7076984, , 
PACIFIC VIEW,1967,2.26,-122.4870216,37.6331408, , 
PACIFICA PARK,1977,2.66,-122.4775087,37.6590126, , 
PALM LAKE,1972,2.06,-122.022816,37.938411,93962,9.396191
PALM TERRACE,1968,1.57,-122.0336202,37.9678747,96844,9.684432
PALOMAR TERRACE,1965,1.84,-122.0916826,37.6560368,103676,10.367593
PARAISO GARDEN VILLAS,1964,1.96,-122.072776,37.632112,94008,9.400766
PARK CENTRAL,1945,2.17,-122.273651,37.7718492,177581,17.758115
PARK CENTRAL,1964,2.25,-122.3204,37.561143, , 
PARK CENTRAL,2004,2.39,-122.033309,37.972927,101296,10.12964
PARK HAVEN,1968,1.35,-122.0437991,37.9691506,105626,10.562595
PARK LAFAYETTE,1968,1.98,-122.107745,37.894996,68738,6.873833
PARK LAKE CONDOMINIUMS,1980,2.8,-122.036235,37.92147,96658,9.665805
PARK LANE,1961,2.34,-122.4296049,37.6535844, , 
PARK ORCHARD,1963,1.84,-122.076876,37.657507,94816,9.481582
PARK PLACE,1989,2.43,-122.0641259,37.894495,93240,9.323982
PARK REGENCY,1992,2.39,-122.0588799,37.9318874,110400,11.039976
PARK ROYAL,1949,2.37,-122.3406376,37.5727104, , 
PARK SIERRA,1999,2.47,-121.9110015,37.7110037,74312,7.431225
PARK TOWERS,1966,1.56,-122.088737,37.69625,85947,8.594675
PARK VILLA,1964,1.98,-121.9805269,37.5440753,80006,8.000592
PARK VIRGINIA,1970,1.5,-122.040436,37.954099,103477,10.347704
PARK WOOD,1991,2.33,-121.9108053,37.7229478,70067,7.006653
PARKLANE,1958,2,-122.1358984,37.7120863,106184,10.618354
PARKMEAD,1965,2.11,-122.0916503,37.6503455,103251,10.325065
PARKSIDE,1979,2.53,-122.0220454,37.5903577,77725,7.772467
PARKSIDE COMMONS,1986,2.08,-122.1402606,37.7075764,103619,10.361916
PARKVIEW,1975,2.22,-121.9885931,37.5546956,76403,7.640293
PARKVIEW TERRACE,1970,2.45,-122.2989255,37.5387045, , 
PARKWAY GREEN,1973,1.97,-122.050956,37.605099,81140,8.11399
PASEO GARDENS,1952,2.39,-122.116946,37.685026,105940,10.593987
PASEO PLACE,1986,2.66,-122.0030738,37.5636256,76012,7.601238
PATHFINDER VILLAGE,1973,2.41,-121.9758609,37.5427642,79233,7.923345
PEBBLE CREEK I & II,1977,2.11,-121.9603601,37.537728,79727,7.972749
PENINSULA PINES,1965,2.78,-122.430622,37.655129, , 
PENINSULA VIEW,1973,2.67,-122.4547592,37.6519974, , 
PENNSYLVANIA,1965,2.04,-121.9870747,37.5515091,77604,7.760416
PENTAGON,1966,1.83,-122.00008,37.5549432,79599,7.959881
PEPPER TREE,1973,1.75,-122.086103,37.649094,100171,10.01705
PEPPERTREE,1986,1.55,-121.8715774,38.0029222,24280,2.428048
PEPPERTREE,1961,2.13,-122.002479,37.554845,79795,7.979502
PESCADERO,1999,3.02,-122.234119,37.543012, , 
PINE MEADOWS,1971,1.65,-122.040594,37.960105,102658,10.26579
PINE TERRACE,1965,1.46,-122.0426932,37.9675126,103447,10.344662
PINEBROOK,1968,1.95,-122.0226827,37.5656785,81299,8.129948
PINECREST,1971,1.93,-122.0557031,37.6394378,88277,8.827659
PINES (THE),1972,2.05,-122.0532968,37.9031912,94822,9.482169
PINNACLE CROW CANYON,1992,2.51,-121.986437,37.777031,50286,5.028609
PINOLE VISTA APARTMENTS,1965,1.71,-122.294568,38.00276,27901,2.790146
PLAZA (THE),2013,3.99,-122.2705616,37.564377, , 
PLEASANT HILL VILLAGE,1979,2.41,-122.062666,37.943223,109859,10.985877
PLEASANTON GLEN,1973,2.21,-121.8660314,37.6636596,53835,5.383459
PLEASANTON HEIGHTS,1963,2.69,-121.8635996,37.6629852,53544,5.354391
PLEASANTON PLACE,1970,1.96,-121.876575,37.681339,65626,6.562638
PLUM TREE APARTMENTS,1985,2.22,-122.09897,37.9953661,72810,7.280999
POINT ALAMEDA,1974,2.27,-122.2859046,37.7712869,158950,15.894957
PORTOFINO APARTMENTS,1986,1.54,-121.8713173,38.0073608,25172,2.517191
PORTOLA MEADOWS,1990,2.17,-121.7146456,37.7183211,25070,2.50703
PORTOLA PARK,1990,1.65,-121.7602108,37.6767938,38890,3.888976
PRESIDENTS PARK,1985,1.48,-121.8730997,38.008833,25094,2.509361
PRESIDIO,1998,2.37,-121.972139,37.556917,71396,7.13961
PROMENADE,1997,2.12,-121.8847886,37.6512031,50820,5.082044
PROMONTORY VIEW,1997,2.31,-121.988239,37.777626,49598,4.959768
QUAIL HILL,1990,1.82,-122.0859775,37.693448,86686,8.668601
QUAIL HILLS,1970,2.04,-122.053431,37.887568,86400,8.639977
RANCHO LUNA,1982,2.49,-121.9905425,37.5501889,79397,7.939739
RANCHO SOL,1980,2.49,-121.98791,37.552235,76662,7.666179
REDWOOD PLAZA,1971,1.82,-121.988624,37.551436,77842,7.784212
REDWOOD VALLEY APARTMENT HOMES,1965,1.9,-122.0634638,37.6865662,83457,8.345675
REGENCY PLAZA,1976,2.35,-122.1312414,37.9974819,57012,5.701187
REGENCY SQUARE,1987,2.14,-122.013804,37.54551,77007,7.700734
RENAISSANCE SQUARE APARTMENTS,2008,2.3,-122.034821,37.975338,102266,10.226641
RETREAT (THE),1968,2.35,-122.0527907,37.8862718,85257,8.525695
REXFORD,1972,2.1,-121.989711,37.552496,77766,7.776591
RIDGECREST,1985,1.93,-122.125191,37.997548,60890,6.088994
RIDGECREST,1990,1.78,-122.0657122,37.6779404,85352,8.535245
RIVA TERRA APARTMENTS AT REDWOOD SHORES,1986,3.75,-122.2417697,37.5350325, , 
RIVERSHORE,1986,1.58,-121.954597,38.027937,31907,3.190681
RIVERSIDE TERRACE,1959,1.46,-122.0690741,37.6810568,88452,8.84522
RIVERSTONE APARTMENTS,1986,1.47,-121.829006,38.005858,26313,2.631342
ROBERTS LANE TOWNHOUSES,1974,1.87,-121.956139,37.530687,80165,8.016537
ROYAL GARDEN,1977,1.5,-121.8615918,37.6633178,51479,5.147879
ROYAL PINES,1969,1.71,-121.9782618,37.562182,71919,7.191901
RYAN TOWER,1950,3.24,-122.328192,37.56147, , 
SAN LEANDRO RACQUET CLUB,1980,1.94,-122.146372,37.712268,108121,10.812082
SAN MARCO,1972,1.63,-122.0474442,37.9087863,95333,9.533273
SAN MARCO VILLAS,2008,1.73,-121.9681875,38.0209176,35289,3.528905
SAN MARCOS,2002,1.98,-122.3266,37.9766,40566,4.056647
SAND COVE,1973,3.29,-122.2668632,37.5556457, , 
SANDPIPER,1962,1.93,-122.110959,37.694944,99012,9.901155
SANTA MARIA,1969,1.6,-121.8764379,37.6821051,65672,6.567242
SCHOONER BAY,1985,3.12,-122.2617512,37.5374093, , 
SCOTCHOLLOW,1971,2.86,-122.2841913,37.5322161, , 
SEA POINTE,1964,2.58,-122.4929061,37.6366443, , 
SEACLIFF,1971,2.81,-122.4915411,37.6531587, , 
SEASONS (THE),1985,2.37,-121.933245,37.7264709,70052,7.005165
SEQUOIA,1952,2.97,-122.2418185,37.4891188, , 
SEQUOIA GROVES,1965,2.13,-122.134708,37.7104799,106209,10.620906
SEQUOYAH,1951,1.57,-122.039412,37.978452,102878,10.287831
SERRA COMMONS,1989,2.63,-122.4744482,37.6752341, , 
SERRAMONTE RIDGE,1986,2.89,-122.4767967,37.6655455, , 
SEVEN OAKS,1973,3,-122.2003955,37.4242603, , 
SHADOW COVE,1970,3.13,-122.2564451,37.5543137, , 
SHAMER,1959,1.26,-122.109686,37.697212,96451,9.645073
SHARON GREEN,1970,3.25,-122.198437,37.425171, , 
SHORELINE APARTMENTS,1965,2.39,-122.2620732,37.7590051,153232,15.323155
SKYCREST,1970,2.14,-122.439588,37.616902, , 
SKYLARK APARTMENT HOMES,1986,2.44,-122.0207138,37.5851407,77740,7.773959
SKYLINE HEIGHTS,1973,3.28,-122.478525,37.664584, , 
SKYLINE TERRACE,1964,2.63,-122.402197,37.581851, , 
SNOOTY FOX APARTMENTS,1972,1.92,-122.1793767,37.7168076,112151,11.215095
SOLARIS APARTMENTS,1961,2.19,-122.0912988,37.6546895,103539,10.353935
SOUTHSHORE BEACH & TENNIS CLUB,1973,2.71,-122.2713133,37.7641219,162906,16.290638
SOVEREIGN SQUARE,1964,1.57,-122.125816,37.67533,107623,10.762256
SPARTAN ROYAL,1963,1.96,-122.0811836,37.6658562,99058,9.905756
SPRING MEADOW,1972,1.86,-122.0647225,37.9420832,108853,10.885268
SPRINGHOUSE,1989,2.56,-121.88252,37.689131,70775,7.077461
SPRINGS (THE),1981,2.64,-121.9376419,37.7023443,73784,7.378448
ST FRANCIS,1963,2.52,-122.4735672,37.6848905, , 
ST MORITZ GARDENS,1964,1.84,-122.1378465,37.698137,102492,10.249227
STADIUM AND ALLSTON PLACE,2002,3.97,-122.266681,37.869747,203511,20.351137
STANTON ACRES,1969,1.43,-122.090365,37.698956,83607,8.360694
STERLING COVE,1968,1.43,-122.0407105,37.9672592,102420,10.241962
STEVENSON PLACE,1974,2.61,-121.975112,37.5398766,78582,7.858201
STONERIDGE APARTMENTS,1988,2.19,-121.9224256,37.6937119,70571,7.057144
STONERIDGE AT DIABLO HILLS,1971,2.19,-122.0499371,37.9159333,94821,9.482136
SUBURBIAN GARDEN,1970,2.47,-122.023712,37.568723,78708,7.870793
SUMMER HOUSE APARTMENTS,1965,2.27,-122.283681,37.777862,173897,17.389655
SUMMERHILL PLACE,1986,1.84,-122.079145,37.594193,83859,8.385911
SUMMERHILL TERRACE,1986,1.9,-122.1311145,37.6949779,105931,10.593146
SUMMERWOOD,1987,1.26,-121.846315,37.997775,25588,2.558786
SUMMERWOOD,1983,2.1,-122.08925,37.681409,97537,9.753702
SUMMIT (THE),1976,1.72,-122.4757149,37.6585398, , 
SUMMIT AT HILLTOP (THE),1990,1.92,-122.320182,37.986967,34358,3.43575
SUMMIT AT LIME RIDGE (THE),1974,1.65,-122.02754,37.961429,95064,9.506421
SUMMIT CREST,1970,2.12,-122.265378,37.816767,258481,25.848104
SUN VALLEY,1965,2.66,-122.0607513,37.9580719,110557,11.055713
SUNDALE NORTH/SOUTH,1963,2.28,-121.984129,37.530203,79713,7.971315
SUNRIDGE APARTMENTS,1960,1.29,-122.048416,37.950562,105643,10.564293
SUNSET GARDENS,1974,2.01,-121.7809622,37.6607641,34376,3.437623
SUNSET PINES,1969,1.38,-122.04044,37.971444,104495,10.449522
SURFSIDE,1962,2.07,-122.2843816,37.7714022,163128,16.312828
SURFSIDE PALMS,1961,2.14,-122.260596,37.758642,151186,15.11859
SYCAMORE BAY,1998,2.65,-122.035255,37.527474,60877,6.087652
SYCAMORE COMMONS,1971,2.25,-121.9865434,37.5560006,76981,7.69814
SYCAMORE GREEN SOUTH,1969,1.7,-122.02519,37.940858,96254,9.625374
TERRACE (THE),1971,1.81,-122.0636919,37.9426475,108992,10.89915
TERRACE GARDEN,1969,1.68,-122.138095,37.698825,102492,10.249227
TIDES (THE),2005,1.99,-122.324965,37.978691,39480,3.947973
TIKI GARDEN,1954,1.52,-122.0806602,37.6487036,98235,9.823505
TIMBERLANE,1972,2.08,-122.304897,37.5120371, , 
TIMBERS,1974,2.22,-122.088315,37.648397,101931,10.193088
TOWER APARTMENTS,1965,2.19,-122.2481551,37.7538654,142863,14.286318
TOWN CENTER APARTMENTS,2001,2.54,-122.122799,37.892474,61343,6.134288
TOWN CENTER COMMONS,1991,1.84,-121.699395,37.939312,13771,1.377086
TOWNHOUSE PLAZA,1968,1.71,-122.069213,37.684629,87008,8.700816
TOWNSHIP APARTMENTS,2013,3.54,-122.2273442,37.4917377, , 
TRADEWIND,1973,2.31,-122.2628509,37.5589131, , 
TRALEE VILLAGE,2007,2.64,-121.91149,37.704597,77144,7.714436
TRINITY HOUSE,1968,2.36,-122.0664156,37.9015783,99751,9.975111
TRINITY WAY,1979,2.13,-121.9810227,37.5414497,77515,7.751492
TROPIC SANDS,1975,2.1,-122.2474608,37.7535833,142212,14.221159
TUSCANY,1961,2,-122.0597298,37.956883,110435,11.043456
TWIN CREEKS,1986,1.71,-121.826154,37.981762,24345,2.434535
UPTOWN APARTMENTS (THE),2008,2.73,-122.270544,37.8091282,269351,26.935093
VALLE VERDE,1961,1.09,-122.074226,37.674439,94807,9.480719
VALLEY PLAZA VILLAGES APARTMENTS,1985,2.15,-121.875891,37.676837,62845,6.284457
VALLEY RIDGE,1978,2.21,-122.095958,37.9612849,92129,9.212896
VENTANA APARTMENTS,1989,1.94,-121.872938,38.009225,24965,2.496529
VERANDAS,1989,2.8,-122.0174895,37.5885499,74778,7.477804
VIKING PARK,1973,1.78,-122.0753156,37.965923,102881,10.288081
VILLA ALVARADO,1984,1.73,-122.329394,37.951738,69065,6.906458
VILLA MARINA APARTMENTS,1965,2.12,-122.280512,37.771363,170886,17.088563
VILLA MEDANOS,1986,1.27,-121.840096,37.996887,25856,2.585601
VILLA MONTANARO,2007,2.66,-122.056454,37.933435,107666,10.766618
VILLA MORADA,1969,1.61,-122.0765317,37.6715868,97568,9.756841
VILLA PALMS,1972,2.33,-121.8014244,37.6756854,48498,4.849802
VILLA SERENA TOWNHOMES,1960,2.58,-122.2844864,37.5428632, , 
VILLAGE AT PARK VIEW (THE),1978,1.19,-121.839081,37.995927,25609,2.560899
VILLAGE AT TOWN CENTER (THE),2006,2.39,-122.3104443,37.9145828,124026,12.402571
VILLAGE GREEN,1972,1.5,-121.9762084,37.5414484,78945,7.894495
VILLAS AT BAIR ISLAND (THE),1999,3.13,-122.2230339,37.4983952, , 
VILLAS AT HARBOR POINT (THE),1973,1.57,-122.305272,38.0070263,27409,2.740877
VILLAS PAPILLON,1983,1.66,-121.9521478,37.5123566,86971,8.697114
VISTA APARTMENT HOMES,1967,1.52,-122.035265,37.9712,99403,9.940253
VISTA CREEK,1986,1.83,-122.0628732,37.6862877,83445,8.344473
VISTA DEL SOL,1971,2.32,-121.8771961,37.6838717,67468,6.746804
VISTA OAKS,1987,2.13,-122.123668,37.995626,61832,6.183208
WALNUT HILLS,1962,2.37,-122.0665925,37.9009943,99657,9.965714
WALNUT HILLS,1964,1.78,-122.0734863,37.668623,92566,9.256582
WASHINGTON TOWNHOMES,1962,1.83,-122.137009,37.681367,103056,10.305639
WATERFORD PLACE,2002,2.56,-121.8721,37.7089,65069,6.5069
WATERGATE CONDOS,1972,2.5,-122.3054809,37.8392785,231963,23.196345
WATERMARK PLACE,1995,2.49,-121.9777269,37.5607686,69489,6.948931
WATERS EDGE,1972,3.07,-122.266883,37.5668549, , 
WATERSTONE AT FREMONT,1975,2.4,-121.9772883,37.544645,78718,7.871837
WATERSTONE MILLBRAE,1971,3.17,-122.3977932,37.6020339, , 
WAVECREST LANAI APARTMENTS,1960,2.01,-122.256919,37.758316,147032,14.703239
WESTLAKE VILLAGE,1950,2.52,-122.4801943,37.6968898, , 
WESTRIDGE AT HILLTOP,1970,1.69,-122.3391454,37.974302,43718,4.371845
WESTWINDS,1987,1.85,-121.7680088,37.6818745,42553,4.255275
WHISPERING OAKS,1965,1.59,-122.007705,37.987514,78716,7.871622
WHITMAN GREEN,1965,1.87,-122.069322,37.647413,90393,9.039301
WHITMAN VILLA TOWNHOMES,1964,1.62,-122.074085,37.654252,94881,9.488139
WILLOW GLEN,1988,1.39,-122.2551729,38.0149856,20770,2.077047
WILLOW GREEN,1964,1.73,-122.0170004,37.9826177,87680,8.768022
WILLOWS (THE),1974,1.69,-122.1410652,37.687827,105964,10.596397
WINDEMERE,1970,1.87,-122.109404,37.664073,105093,10.509291
WINDSOR,1972,2.22,-122.3037332,37.5103582, , 
WINDSOR (THE),2009,2.83,-122.065717,37.913254,105998,10.599817
WINDSOR GARDEN,1981,2.04,-121.981847,37.540186,76860,7.685967
WINDSOR PARK NORTH & SOUTH,1963,1.38,-122.040568,37.969773,103175,10.317467
WOOD CREEK,1987,2.08,-122.0556389,37.9587548,105328,10.532786
WOODCHASE APARTMENT HOMES,1974,2.22,-122.1438799,37.7143578,108038,10.803756
WOODLAND HILLS,1987,1.72,-121.893699,37.9980961,22984,2.298442
WOODLAND PARK,1972,2.81,-122.1369888,37.4565323, , 
WOODLAND PARK APARTMENTS,1974,3.11,-122.146518,37.462485, , 
WOODLAND VILLAS,1983,2.16,-121.876086,37.675482,61235,6.123478
WOODS,1978,3.19,-121.961422,37.5391652,78442,7.844238
WOODSIDE,1987,2.15,-122.1559267,37.7289477,108947,10.894704
YGNACIO VILLAGE,1988,2.35,-122.0520514,37.9085084,98906,9.890606
